{"weights": [0.012429831726270713, 0.398743583842437, -0.03966681439326325, 0.17964116487005466, -0.6795074657553873, -14.99373526351882, -17.02612270393527, 16.51255372106122, -0.2732023341588539, -0.34168272108260284, -7.028614568027607, -10.285368986639762, 0.6040014387675321, -0.09317416669124955, 0.010354753324214363, 0.0, 25.689918577940386, 2.5774086568083274, 2.7805523892167594, -0.10040670029134288, -1.7691722576413533, 0.23832843826732167], "intercept": -20.6893599556551}